{
    "error": 0.93359375,
    "error_list": [
        0.10546875,
        0.58984375,
        0.71484375,
        0.6328125,
        0.546875,
        0.71875,
        0.66015625,
        0.76953125,
        0.75,
        0.76171875,
        0.765625,
        0.77734375,
        0.76171875,
        0.8828125,
        0.83984375,
        0.84765625,
        0.81640625,
        0.85546875,
        0.79296875,
        0.83203125,
        0.859375,
        0.81640625,
        0.86328125,
        0.8671875,
        0.85546875,
        0.86328125,
        0.84375,
        0.84375,
        0.85546875,
        0.82421875,
        0.86328125,
        0.890625,
        0.8984375,
        0.84375,
        0.89453125,
        0.84765625,
        0.8359375,
        0.8359375,
        0.8828125,
        0.85546875,
        0.90625,
        0.8828125,
        0.87109375,
        0.8984375,
        0.87890625,
        0.8671875,
        0.796875,
        0.8671875,
        0.8828125,
        0.8984375,
        0.890625,
        0.90234375,
        0.91015625,
        0.921875,
        0.87890625,
        0.89453125,
        0.91015625,
        0.859375,
        0.859375,
        0.91015625,
        0.92578125,
        0.90234375,
        0.890625,
        0.87109375,
        0.90234375,
        0.921875,
        0.90625,
        0.875,
        0.91796875,
        0.91015625,
        0.9296875,
        0.90625,
        0.93359375,
        0.88671875,
        0.91015625,
        0.94140625,
        0.921875,
        0.8828125,
        0.91796875,
        0.91796875,
        0.91015625,
        0.921875,
        0.9140625,
        0.9296875,
        0.91015625,
        0.890625,
        0.953125,
        0.9296875,
        0.91015625,
        0.93359375
    ],
    "flags": {
        "beta": 1.8,
        "comment": "",
        "crs_thr": true,
        "dampening_factor": 0.3,
        "downsampled": false,
        "ext_time": 1,
        "interactive_plot": false,
        "l1": 0.01,
        "learning_rate": 0.01,
        "lr_decay": 0.8,
        "lr_decay_every": 2500,
        "model": "LSNN",
        "n_adaptive": 100,
        "n_batch_train": 256,
        "n_batch_validation": 256,
        "n_delay": 10,
        "n_in": 80,
        "n_iter": 36000,
        "n_ref": 5,
        "n_regular": 120,
        "neuron_sign": false,
        "print_every": 400,
        "proportion_excitatory": 0.75,
        "reg": 0.1,
        "reg_rate": 10,
        "resume": "",
        "rewiring_connectivity": -1,
        "rewiring_temperature": 0.0,
        "save_data": true,
        "tau_a": 700.0,
        "tau_v": 20.0,
        "thr": 0.01,
        "verbose": true
    },
    "loss": 0.20309647917747498,
    "loss_list": [
        2.3049821853637695,
        1.1012052297592163,
        0.8602177500724792,
        0.9824873208999634,
        1.304200291633606,
        0.7610127329826355,
        0.7967062592506409,
        0.6511644721031189,
        0.6695982217788696,
        0.5755820274353027,
        0.5664457082748413,
        0.6276866793632507,
        0.6645832657814026,
        0.40118393301963806,
        0.4893462359905243,
        0.42188286781311035,
        0.464504212141037,
        0.4364992678165436,
        0.5492671132087708,
        0.48103833198547363,
        0.40861114859580994,
        0.5046674609184265,
        0.4682844877243042,
        0.4584927558898926,
        0.39642566442489624,
        0.40223759412765503,
        0.4739764630794525,
        0.42396682500839233,
        0.4168646037578583,
        0.4417531192302704,
        0.3683115839958191,
        0.3138614892959595,
        0.3133319318294525,
        0.4590899348258972,
        0.36390769481658936,
        0.4300207495689392,
        0.3859230875968933,
        0.41489091515541077,
        0.2899789810180664,
        0.41743725538253784,
        0.2840701639652252,
        0.35045671463012695,
        0.3755381107330322,
        0.27430686354637146,
        0.32848095893859863,
        0.3216593265533447,
        0.5959981083869934,
        0.3615480065345764,
        0.37763941287994385,
        0.31475210189819336,
        0.3146786093711853,
        0.2636042833328247,
        0.29380902647972107,
        0.25110819935798645,
        0.3489746153354645,
        0.3135186433792114,
        0.25094929337501526,
        0.3422173261642456,
        0.35860732197761536,
        0.2728755474090576,
        0.24796883761882782,
        0.3080732226371765,
        0.29254868626594543,
        0.39094266295433044,
        0.2694084644317627,
        0.17539870738983154,
        0.29751795530319214,
        0.3098674714565277,
        0.30677297711372375,
        0.30322524905204773,
        0.25324931740760803,
        0.24663473665714264,
        0.2239241600036621,
        0.372717022895813,
        0.28893542289733887,
        0.18626219034194946,
        0.2740005552768707,
        0.32099512219429016,
        0.24555090069770813,
        0.23176950216293335,
        0.24856385588645935,
        0.24375471472740173,
        0.26766520738601685,
        0.18412557244300842,
        0.2682406008243561,
        0.37069788575172424,
        0.16909411549568176,
        0.236611470580101,
        0.28496289253234863,
        0.20309647917747498
    ],
    "loss_with_reg": 0.005107439588755369,