{
    "error": 0.93359375,
    "error_list": [
        0.09765625,
        0.3671875,
        0.5625,
        0.57421875,
        0.64453125,
        0.69921875,
        0.44140625,
        0.640625,
        0.73828125,
        0.7265625,
        0.7578125,
        0.796875,
        0.75390625,
        0.71875,
        0.76171875,
        0.7421875,
        0.7421875,
        0.7578125,
        0.79296875,
        0.7890625,
        0.8125,
        0.8203125,
        0.80078125,
        0.8046875,
        0.8125,
        0.81640625,
        0.84375,
        0.83984375,
        0.8125,
        0.8359375,
        0.8359375,
        0.8359375,
        0.87109375,
        0.85546875,
        0.8359375,
        0.87109375,
        0.8359375,
        0.87890625,
        0.84765625,
        0.8515625,
        0.85546875,
        0.8828125,
        0.81640625,
        0.86328125,
        0.89453125,
        0.87109375,
        0.859375,
        0.890625,
        0.88671875,
        0.859375,
        0.90625,
        0.90625,
        0.90234375,
        0.85546875,
        0.86328125,
        0.87890625,
        0.91796875,
        0.87109375,
        0.87109375,
        0.8984375,
        0.890625,
        0.88671875,
        0.859375,
        0.87890625,
        0.8671875,
        0.88671875,
        0.87890625,
        0.92578125,
        0.88671875,
        0.8984375,
        0.85546875,
        0.90625,
        0.91015625,
        0.90625,
        0.91015625,
        0.86328125,
        0.8984375,
        0.8671875,
        0.9375,
        0.93359375,
        0.875,
        0.91015625,
        0.91015625,
        0.8671875,
        0.89453125,
        0.91015625,
        0.88671875,
        0.8828125,
        0.90234375,
        0.93359375
    ],
    "flags": {
        "beta": 1.8,
        "comment": "",
        "crs_thr": true,
        "dampening_factor": 0.3,
        "downsampled": false,
        "ext_time": 1,
        "interactive_plot": false,
        "l1": 0.01,
        "learning_rate": 0.01,
        "lr_decay": 0.8,
        "lr_decay_every": 2500,
        "model": "LSNN",
        "n_adaptive": 100,
        "n_batch_train": 256,
        "n_batch_validation": 256,
        "n_delay": 10,
        "n_in": 80,
        "n_iter": 36000,
        "n_ref": 0,
        "n_regular": 120,
        "neuron_sign": false,
        "print_every": 400,
        "proportion_excitatory": 0.75,
        "reg": 0,
        "reg_rate": 10,
        "resume": "",
        "rewiring_connectivity": -1,
        "rewiring_temperature": 0.0,
        "save_data": true,
        "tau_a": 700.0,
        "tau_v": 20.0,
        "thr": 1,
        "verbose": true
    },
    "loss": 0.20797662436962128,
    "loss_list": [
        2.3025853633880615,
        1.6412216424942017,
        1.1591503620147705,
        0.9827887415885925,
        1.0079548358917236,
        0.9329031705856323,
        1.43632972240448,
        1.0499968528747559,
        0.7073922157287598,
        0.7263997197151184,
        0.7021554708480835,
        0.660520076751709,
        0.6582905650138855,
        0.7284811735153198,
        0.6826506853103638,
        0.7095918655395508,
        0.6912049055099487,
        0.6326748728752136,
        0.6333868503570557,
        0.5468854904174805,
        0.5389184355735779,
        0.5671882629394531,
        0.571822464466095,
        0.5601264238357544,
        0.561325192451477,
        0.5291317105293274,
        0.4932902455329895,
        0.48708778619766235,
        0.5152222514152527,
        0.47951915860176086,
        0.47342005372047424,
        0.4891625642776489,
        0.4265490174293518,
        0.43813106417655945,
        0.465542197227478,
        0.3910924792289734,
        0.47656893730163574,
        0.37943804264068604,
        0.3566879630088806,
        0.3672674894332886,
        0.4143332540988922,
        0.45625001192092896,
        0.435544490814209,
        0.3771079182624817,
        0.36128532886505127,
        0.3772295415401459,
        0.38265642523765564,
        0.34606319665908813,
        0.30437135696411133,
        0.3926178514957428,
        0.31826287508010864,
        0.2984331250190735,
        0.3061296045780182,
        0.382637083530426,
        0.42347002029418945,
        0.4149561822414398,
        0.29248717427253723,
        0.2994529604911804,
        0.41895973682403564,
        0.358553409576416,
        0.32207757234573364,
        0.31378087401390076,
        0.43800240755081177,
        0.3440641760826111,
        0.38004836440086365,
        0.3497433066368103,
        0.3336055874824524,
        0.28463324904441833,
        0.3257106840610504,
        0.3094731867313385,
        0.4042362570762634,
        0.3072986602783203,
        0.2716396450996399,
        0.3240808844566345,
        0.2619638442993164,
        0.42856764793395996,
        0.2822960913181305,
        0.3517037034034729,
        0.22305233776569366,
        0.24070490896701813,
        0.4090648889541626,
        0.24541440606117249,
        0.2879483699798584,
        0.33981919288635254,
        0.312150239944458,
        0.32222411036491394,
        0.33414536714553833,
        0.30750253796577454,
        0.2634141743183136,
        0.20797662436962128
    ],
    "loss_with_reg": 0.0,
    "loss_with_reg_list": [
        0.0,
        0.0,
        0.0,
        0.0,
        0.0,
        0.0,
        0.0,
        0.0,
        0.0,
        0.0,
        0.0,
        0.0,
        0.0,
        0.0,
        0.0,
        0.0,
        0.0,
        0.0,
        0.0,
        0.0,
        0.0,
        0.0,
        0.0,
        0.0,
        0.0,
        0.0,
        0.0,
        0.0,
        0.0,
        0.0,
        0.0,
        0.0,
        0.0,
        0.0,
        0.0,
        0.0,
        0.0,
        0.0,
        0.0,
        0.0,
        0.0,
        0.0,
        0.0,
        0.0,
        0.0,
        0.0,
        0.0,
        0.0,
        0.0,
        0.0,
        0.0,
        0.0,
        0.0,
        0.0,
        0.0,
        0.0,
        0.0,
        0.0,
        0.0,
        0.0,
        0.0,
        0.0,
        0.0,
        0.0,
        0.0,
        0.0,
        0.0,
        0.0,
        0.0,
        0.0,
        0.0,
        0.0,
        0.0,
        0.0,
        0.0,
        0.0,
        0.0,
        0.0,
        0.0,
        0.0,
        0.0,
        0.0,
        0.0,
        0.0,
        0.0,
        0.0,
        0.0,
        0.0,
        0.0,
        0.0
    ],
    "tau_delay_list": [],
    "test_errors": [
        0.83203125,
        0.87109375,
        0.8828125,
        0.84375,
        0.86328125,
        0.8671875,
        0.8671875,
        0.85546875,
        0.859375,
        0.85546875,
        0.8671875,
        0.89453125,
        0.859375,
        0.87109375,
        0.859375,
        0.84765625,
        0.90234375,
        0.859375,
        0.8671875,
        0.8671875,
        0.9296875,
        0.94140625,
        0.86328125,
        0.8515625,
        0.90234375,
        0.87109375,
        0.91015625,
        0.92578125,
        0.9375,
        0.91015625,
        0.89453125,
        0.890625,
        0.89453125,
        0.94921875,
        0.95703125,
        0.9140625,
        0.94140625,
        0.875,
        0.83984375,
        0.85546875
    ],
    "test_errors_mean": 0.8836914300918579,
    "test_errors_std": 0.03261762857437134,
    "time_to_ref": [],