{
    "error": 0.8125,
    "error_list": [
        0.1015625,
        0.39453125,
        0.4921875,
        0.31640625,
        0.45703125,
        0.59375,
        0.55859375,
        0.53125,
        0.515625,
        0.58984375,
        0.57421875,
        0.57421875,
        0.5859375,
        0.59765625,
        0.68359375,
        0.66796875,
        0.66796875,
        0.70703125,
        0.71484375,
        0.69921875,
        0.73828125,
        0.71875,
        0.72265625,
        0.76171875,
        0.73828125,
        0.78125,
        0.76171875,
        0.75,
        0.6953125,
        0.78515625,
        0.79296875,
        0.78515625,
        0.77734375,
        0.71875,
        0.765625,
        0.7265625,
        0.73046875,
        0.7890625,
        0.80078125,
        0.74609375,
        0.79296875,
        0.796875,
        0.80859375,
        0.7734375,
        0.79296875,
        0.828125,
        0.81640625,
        0.8359375,
        0.76953125,
        0.828125,
        0.78515625,
        0.81640625,
        0.8203125,
        0.76953125,
        0.765625,
        0.7890625,
        0.79296875,
        0.78125,
        0.8125,
        0.84375,
        0.8046875,
        0.81640625,
        0.80078125,
        0.78515625,
        0.80078125,
        0.76953125,
        0.84765625,
        0.8125,
        0.76953125,
        0.828125,
        0.796875,
        0.83984375,
        0.7890625,
        0.82421875,
        0.83203125,
        0.86328125,
        0.8515625,
        0.77734375,
        0.8125,
        0.828125,
        0.78515625,
        0.81640625,
        0.8359375,
        0.828125,
        0.8359375,
        0.80078125,
        0.84375,
        0.85546875,
        0.78515625,
        0.8125
    ],
    "flags": {
        "beta": 1.8,
        "comment": "",
        "crs_thr": true,
        "dampening_factor": 0.3,
        "downsampled": false,
        "ext_time": 1,
        "interactive_plot": false,
        "l1": 0.01,
        "learning_rate": 0.01,
        "lr_decay": 0.8,
        "lr_decay_every": 2500,
        "model": "LSNN",
        "n_adaptive": 100,
        "n_batch_train": 256,
        "n_batch_validation": 256,
        "n_delay": 1,
        "n_in": 80,
        "n_iter": 36000,
        "n_ref": 0,
        "n_regular": 120,
        "neuron_sign": false,
        "print_every": 400,
        "proportion_excitatory": 0.75,
        "reg": 0,
        "reg_rate": 10,
        "resume": "",
        "rewiring_connectivity": -1,
        "rewiring_temperature": 0.0,
        "save_data": true,
        "tau_a": 700.0,
        "tau_v": 20.0,
        "thr": 1,
        "verbose": true
    },
    "loss": 0.618788480758667,
    "loss_list": [
        2.3025853633880615,
        1.59633207321167,
        1.4041565656661987,
        1.6028592586517334,
        1.432358741760254,
        1.2887601852416992,
        1.2638649940490723,
        1.2647134065628052,
        1.2376371622085571,
        1.1335481405258179,
        1.1264290809631348,
        1.194159984588623,
        1.152961254119873,
        1.125665307044983,
        0.9275637865066528,
        0.894668698310852,
        0.8249964118003845,
        0.9251842498779297,
        0.7693282961845398,
        0.8398438692092896,
        0.8079529404640198,
        0.7922985553741455,
        0.7192363739013672,
        0.7454013824462891,
        0.739100456237793,
        0.5990967154502869,
        0.6220174431800842,
        0.7296277284622192,
        0.7018294334411621,
        0.6656344532966614,
        0.613203763961792,
        0.5939521789550781,
        0.6147504448890686,
        0.7214914560317993,
        0.6265712976455688,
        0.7676019668579102,
        0.7491968870162964,
        0.695220410823822,
        0.5767491459846497,
        0.7357686758041382,
        0.5609163045883179,
        0.5522291660308838,
        0.5695995688438416,
        0.700375497341156,
        0.6168654561042786,
        0.5038377046585083,
        0.6370036005973816,
        0.5290762782096863,
        0.6298511624336243,
        0.5655863881111145,
        0.6234397888183594,
        0.5445287227630615,
        0.6106168627738953,
        0.5522404313087463,
        0.6513269543647766,
        0.5775740146636963,
        0.6172803640365601,
        0.6701800227165222,
        0.6335669755935669,
        0.49542057514190674,
        0.5328446626663208,
        0.5476373434066772,
        0.5198883414268494,
        0.6237092614173889,
        0.5879387855529785,
        0.6659846305847168,
        0.46202993392944336,
        0.526473343372345,
        0.6365774273872375,
        0.5549296736717224,
        0.5958720445632935,
        0.5449903607368469,
        0.554336667060852,
        0.5468076467514038,
        0.4825335144996643,
        0.4196352958679199,
        0.4688102900981903,
        0.5780028104782104,
        0.5494780540466309,
        0.4738551378250122,
        0.61419677734375,
        0.5225439071655273,
        0.4782358407974243,
        0.5149132609367371,
        0.4630265235900879,
        0.640570878982544,
        0.4944230318069458,
        0.4741693139076233,
        0.5838921070098877,
        0.618788480758667
    ],
    "loss_with_reg": 0.0,
    "loss_with_reg_list": [
        0.0,
        0.0,
        0.0,
        0.0,
        0.0,
        0.0,
        0.0,
        0.0,
        0.0,
        0.0,
        0.0,
        0.0,
        0.0,
        0.0,
        0.0,
        0.0,
        0.0,
        0.0,
        0.0,
        0.0,
        0.0,
        0.0,
        0.0,
        0.0,
        0.0,
        0.0,
        0.0,
        0.0,
        0.0,
        0.0,
        0.0,
        0.0,
        0.0,
        0.0,
        0.0,
        0.0,
        0.0,
        0.0,
        0.0,
        0.0,
        0.0,
        0.0,
        0.0,
        0.0,
        0.0,
        0.0,
        0.0,
        0.0,
        0.0,
        0.0,
        0.0,
        0.0,
        0.0,
        0.0,
        0.0,
        0.0,
        0.0,
        0.0,
        0.0,
        0.0,
        0.0,
        0.0,
        0.0,
        0.0,
        0.0,
        0.0,
        0.0,
        0.0,
        0.0,
        0.0,
        0.0,
        0.0,
        0.0,
        0.0,
        0.0,
        0.0,
        0.0,
        0.0,
        0.0,
        0.0,
        0.0,
        0.0,
        0.0,
        0.0,
        0.0,
        0.0,
        0.0,
        0.0,
        0.0,
        0.0
    ],
    "tau_delay_list": [],
    "test_errors": [
        0.75,
        0.8046875,
        0.80078125,
        0.7890625,
        0.7734375,
        0.74609375,
        0.79296875,
        0.75390625,
        0.77734375,
        0.76953125,
        0.765625,
        0.77734375,
        0.80859375,
        0.79296875,
        0.7578125,
        0.80078125,
        0.81640625,
        0.7890625,
        0.77734375,
        0.83203125,
        0.85546875,
        0.828125,
        0.828125,
        0.78515625,
        0.8671875,
        0.80859375,
        0.7890625,
        0.88671875,
        0.85546875,
        0.828125,
        0.80859375,
        0.79296875,
        0.80078125,
        0.859375,
        0.9140625,
        0.84765625,
        0.89453125,
        0.7578125,
        0.74609375,
        0.7734375
    ],
    "test_errors_mean": 0.8050781488418579,
    "test_errors_std": 0.04141177609562874,
    "time_to_ref": [],